{
    "name"              : "lastship.reborn",
    "plugin"            : "plugin.video.lastship.reborn",
    "priority"          : 100,
    "is_resolvable"     : "false",
    "play_movie"        : "plugin://plugin.video.lastship.reborn/?action=playExtern&title={title}&year={year}&imdbnumber={imdb}&season=0&episode=0&title={originaltitle}&poster={poster}&plot={de_plot}",
    "play_episode"      : "plugin://plugin.video.lastship.reborn/?action=playExtern&title={clearname}&year={year}&imdbnumber={imdb}&season={season}&episode={episode}&title={showname}&poster={poster}&plot={de_plot}"
}